Name,Type,Minimum,Maximum,Length,# Intervals,Direction,Length (with gaps),codon_start,anticodon,codon_recognized
COX1 CDS,cds,"15,627","1,191","1,548",1,forward,"1,548",1,,
tRNA-Tyr,trna,"15,571","15,634",64,1,reverse,64,,"(pos:complement(1390..1392),aa:Tyr,seq:gta)",
tRNA-Cys,trna,"15,495","15,556",62,1,reverse,62,,"(pos:complement(1317..1319),aa:Cys,seq:gca)",
tRNA-Trp,trna,"15,432","15,502",71,1,forward,71,,"(pos:1261..1263,aa:Trp,seq:tca)",
ND2 CDS,cds,"14,413","15,432","1,020",1,forward,"1,020",1,,
tRNA-Met,trna,"14,344","14,412",69,1,forward,69,,"(pos:173..175,aa:Met,seq:cat)",
tRNA-Gln,trna,"14,264","14,332",69,1,reverse,69,,"(pos:complement(97..99),aa:Gln,seq:ttg)",
tRNA-Ile,trna,<14204,"14,266",>63,1,forward,63,,"(pos:30..32,aa:Ile,seq:gat)",
repeat region,repeat_region,"13,561","13,836",276,1,forward,276,,,
12S rRNA,rrna,<12424,"13,062",>639,1,reverse,639,,,
tRNA-Val,trna,"12,140","12,207",68,1,reverse,68,,"(pos:complement(13994..13996),aa:Val,seq:tac)",
16S rRNA,rrna,"10,844","12,157","1,314",1,reverse,"1,314",,,
tRNA-Leu,trna,"10,768","10,834",67,1,reverse,67,,"(pos:complement(12624..12626),aa:Leu,seq:tag)",
ND1 CDS,cds,"9,797","10,768",972,1,reverse,972,1,,
tRNA-Ser,trna,"9,744","9,806",63,1,forward,63,,"(pos:11588..11590,aa:Ser,seq:tga)",UCN
CYTB CDS,cds,"8,607","9,740","1,134",1,forward,"1,134",1,,
ND6 CDS,cds,"8,089","8,607",519,1,forward,519,1,,
tRNA-Pro,trna,"8,013","8,080",68,1,reverse,68,,"(pos:complement(9843..9845),aa:Pro,seq:tgg)",
tRNA-Thr,trna,"7,948","8,012",65,1,forward,65,,"(pos:9778..9780,aa:Thr,seq:tgt)",
ND4L CDS,cds,"7,645","7,941",297,1,reverse,297,1,,
ND4 CDS,cds,"6,310","7,651","1,342",1,reverse,"1,342",1,,
tRNA-His,trna,"6,247","6,309",63,1,reverse,63,,"(pos:complement(8070..8072),aa:His,seq:gtg)",
ND5 CDS,cds,"4,514","6,227","1,714",1,reverse,"1,714",1,,
tRNA-Phe,trna,"4,448","4,510",63,1,reverse,63,,"(pos:complement(6275..6277),aa:Phe,seq:gaa)",
tRNA-Asn,trna,"4,380","4,446",67,1,reverse,67,,"(pos:complement(6209..6211),aa:Asn,seq:gtt)",
tRNA-Ser,trna,"4,313","4,379",67,1,reverse,67,,"(pos:complement(6152..6154),aa:Ser,seq:gct)",AGN
tRNA-Glu,trna,"4,235","4,299",65,1,reverse,65,,"(pos:complement(6074..6076),aa:Glu,seq:ttc)",
tRNA-Arg,trna,"4,178","4,240",63,1,forward,63,,"(pos:6007..6009,aa:Arg,seq:tcg)",
tRNA-Ala,trna,"4,115","4,179",65,1,forward,65,,"(pos:5933..5935,aa:Ala,seq:tgc)",
ND3 CDS,cds,"3,755","4,108",354,1,forward,354,1,,
tRNA-Gly,trna,"3,691","3,754",64,1,forward,64,,"(pos:5510..5512,aa:Gly,seq:tcc)",
COX3 CDS,cds,"2,904","3,690",787,1,forward,787,1,,
ATP6 CDS,cds,"2,221","2,904",684,1,forward,684,1,,
ATP8 CDS,cds,"2,066","2,227",162,1,forward,162,1,,
tRNA-Asp,trna,"2,000","2,065",66,1,forward,66,,"(pos:3820..3822,aa:Asp,seq:gtc)",
tRNA-Lys,trna,"1,930","1,999",70,1,forward,70,,"(pos:3749..3751,aa:Lys,seq:ctt)",
COX2 CDS,cds,"1,251","1,926",676,1,forward,676,1,,
tRNA-Leu,trna,"1,187","1,251",65,1,forward,65,,"(pos:3001..3003,aa:Leu,seq:taa)",UUR
